CT,T1,+,-,T2,+,-
0.0,35.768676867686764,25.324154910150604,18.607095060843417,76.23222322232223,53.972268450647874,39.6564913330248
5.0,52.85328532853285,46.07211288167984,31.750245872425403,104.9063906390639,91.446710294153,63.019804269023375
10.0,84.02520252025202,65.01002329590408,46.54405400353758,124.38883888388838,96.23923621776464,68.90267039884394
15.0,113.49864986498649,28.075249264562174,25.00985955173462,153.86228622862285,38.059677744383464,33.90414047624502
20.0,127.48604860486049,46.90476531004316,39.63963917494392,203.9171917191719,75.0253704224242,63.40461556204872
30.0,209.6120612061206,89.25871828631222,73.5974515358981,250.07560756075605,106.48923576775587,87.80471553907702
60.0,326.5067506750675,677.5950175267144,301.38164773332653,473.17461746174615,981.9728460415912,436.7632386814755
