Study1_TH,Study1_AODAPI,Study1_T2,Study3_TH,Study3_AODAPI,Study3_T2,Study4_TH,Study4_AODAPI,Study4_T2,Study5_TH,Study5_AODAPI,Study5_T2,Study6_TH,Study6_AODAPI,Study6_T2,Study7_TH,Study7_AODAPI,Study7_T2,Study8_TH,Study8_AODAPI,Study8_T2,Study9_TH,Study9_AODAPI,Study9_T2,Study10_TH,Study10_AODAPI,Study10_T2,Study11_TH,Study11_AODAPI,Study11_T2,Study12_TH,Study12_AODAPI,Study12_T2
0,91.04825156,74.93339334,0,96.18375836,102.3087309,0,97.0877899,93.01710171,0,91.72106306,71.63636364,0,99.28208388,66.74077408,0,99.05257217,61.84518452,0,94.95553811,90.31953195,0,94.80718452,88.92079208,0,96.04293342,94.71557156,0,93.2664256,96.81368137,0,97.82491999,85.52385239
5,90.41634933,122.590459,5,94.70832686,80.82808281,5,91.58067542,112.9990999,5,94.21362799,72.13591359,5,99.42394366,72.93519352,5,99.4811561,65.04230423,5,89.79511729,109.1026103,5,88.32978461,107.3042304,5,95.15719729,93.31683168,5,93.63618133,93.41674167,5,98.1464995,90.81908191
10,85.12091253,104.1071107,10,89.54151808,85.02430243,15,77.32832916,193.4266427,15,63.61224296,159.6570657,10,98.60576923,72.53555356,10,99.12260026,70.53735374,10,91.69880201,111.60036,10,89.65886765,111.70027,10,89.68029911,101.5094509,10,89.35999062,102.4086409,10,97.97373113,82.32673267
15,78.79769836,164.4527453,15,83.75735913,126.7866787,,,,,,,15,96.51041286,85.82358236,15,96.99939301,78.82988299,15,87.22949985,113.1989199,15,88.47530789,111.60036,15,84.75943255,113.2988299,15,82.16620028,112.9990999,15,92.98861595,94.2160216
20,77.35471704,150.7650765,20,71.58916709,147.2682268,,,,,,,20,86.48071828,120.2925293,20,70.67976164,139.5751575,20,83.28215202,121.4914491,20,84.06547989,121.8910891,20,79.6461844,131.2826283,20,80.92859397,125.7875788,20,87.90648038,128.6849685
30,65.48592972,193.5265527,30,68.47107004,178.0405041,,,,,,,30,63.56749311,181.4374437,30,56.62078785,196.3240324,30,76.5118324,138.7758776,30,75.18268092,135.6786679,30,67.91667572,154.4617462,30,67.79442237,148.8667867,30,70.77371234,164.1530153
,,,,,,,,,,,,,,,,,,40,68.03483607,159.9567957,40,65.33753426,160.1566157,40,57.83747504,186.3330333,40,59.45995744,184.8343834,40,60.38712396,263.0639064
,,,,,,,,,,,,,,,,,,60,59.74522184,192.6273627,60,55.05334336,194.4257426,60,59.44533102,231.3924392,60,56.12870656,235.1890189,,,