CT,T1,+,-,T2,+,-
0,53.35283528,11.33745945,10.25860372,102.3087309,21.74057071,19.67177043
5,60.64626463,87.52452893,48.71042622,80.82808281,116.6508756,64.9202451
10,63.84338434,51.98828908,36.63448758,85.02430243,69.23611677,48.78848111
15,106.5049505,132.4271476,79.30631802,126.7866787,157.6452374,94.40861305
20,123.289829,82.13803489,61.36443419,147.2682268,98.11290074,73.29908304
30,156.459946,185.0283488,113.3372798,178.0405041,210.5493535,128.9699182